True_Risk,Prob_Good_Credit,Predictive_Entropy,Anomaly_Edge_Case
1,0.764177,0.54621714,False
1,0.38242424,0.6652385,False
1,0.35593864,0.65104556,False
1,0.9232936,0.27065068,False
0,0.41845363,0.679788,False
1,0.75463873,0.55718136,False
1,0.90885764,0.30517286,False
0,0.65520597,0.64416426,False
0,0.41853523,0.6798148,False
1,0.8585098,0.40765953,False
1,0.69685024,0.61350954,False
0,0.8410858,0.437865,False
0,0.5850688,0.67860305,False
0,0.27242842,0.58565927,False
1,0.7999206,0.5005125,False
1,0.63846064,0.6542988,False
1,0.7117783,0.6005517,False
0,0.8829934,0.36091816,False
1,0.77632535,0.53151965,False
1,0.9401749,0.2264861,False
1,0.81823075,0.47406572,False
0,0.8343816,0.44887018,False
0,0.7287441,0.584504,False
1,0.94242656,0.22023793,False
1,0.90275365,0.31899008,False
1,0.63212496,0.65781504,False
1,0.67808527,0.62830436,False
0,0.43602788,0.68493986,False
1,0.91937524,0.28029263,False
0,0.20752643,0.5106609,False
1,0.7766828,0.53107446,False
1,0.8630845,0.39932448,False
1,0.7460455,0.5666381,False
1,0.8676451,0.39083892,False
0,0.32920742,0.63361585,False
1,0.84135777,0.43741155,False
1,0.6704786,0.6338392,False
0,0.7901713,0.5137296,False
1,0.93463576,0.24147913,False
1,0.49665508,0.6931248,True
1,0.9545403,0.18492304,False
1,0.9431757,0.21813862,False
1,0.99309427,0.04124073,False
1,0.44272125,0.68657106,False
1,0.48445654,0.6926639,True
0,0.21990517,0.526788,False
1,0.5118593,0.69286585,True
0,0.79438734,0.5080854,False
1,0.28684264,0.5993004,False
1,0.8287583,0.45784965,False
0,0.954208,0.18593346,False
0,0.612135,0.6677835,False
0,0.42669722,0.6823617,False
1,0.9374062,0.23404562,False
0,0.85826445,0.40810153,False
1,0.93731153,0.23430176,False
1,0.9331979,0.24528724,False
1,0.7529115,0.55911386,False
1,0.9788641,0.10242768,False
1,0.8906391,0.34517702,False
1,0.62149173,0.6633291,False
0,0.5666485,0.68423665,False
1,0.9331433,0.24543124,False
1,0.973657,0.12179064,False
0,0.25201985,0.5645433,False
1,0.9248525,0.26675493,False
0,0.9469766,0.20732307,False
1,0.91585946,0.2887674,False
0,0.33826348,0.63987696,False
1,0.9253016,0.26562613,False
1,0.9293428,0.2553356,False
1,0.5341343,0.6908151,False
1,0.73326373,0.57998556,False
1,0.49779576,0.6931375,True
1,0.96652174,0.1466325,False
1,0.48990753,0.6929434,True
0,0.47427216,0.69182277,True
1,0.5082946,0.69300956,True
1,0.6211488,0.66349894,False
0,0.38753948,0.6676348,False
1,0.59911793,0.6733677,False
0,0.6522559,0.646039,False
1,0.7830944,0.52296346,False
1,0.50356716,0.69312173,True
1,0.6891487,0.61978006,False
1,0.83361506,0.4501075,False
1,0.19076404,0.48732892,False
1,0.6599941,0.6410394,False
0,0.8913325,0.34372032,False
1,0.86492264,0.39592588,False
0,0.4151852,0.6786903,False
1,0.8075816,0.4897107,False
0,0.44760984,0.68764764,False
1,0.9055557,0.31270143,False
1,0.81205875,0.483224,False
1,0.5019095,0.6931399,True
0,0.44030288,0.6860026,False
0,0.19579923,0.4945235,False
1,0.7164176,0.596305,False
0,0.4067101,0.67563874,False
1,0.95127964,0.19473006,False
0,0.6042851,0.6712359,False
1,0.826878,0.46080214,False
0,0.8024907,0.49693012,False
1,0.83244395,0.45198983,False
1,0.92415243,0.2685086,False
1,0.7811378,0.52546406,False
1,0.94225967,0.22070423,False
1,0.64760077,0.6489192,False
1,0.9045869,0.31488603,False
1,0.8602857,0.40444452,False
1,0.98408926,0.08166599,False
1,0.8457813,0.42995757,False
1,0.7528397,0.55919385,False
1,0.9869057,0.06977964,False
1,0.5457763,0.68895036,False
1,0.70192045,0.6092283,False
0,0.50302565,0.6931289,True
0,0.38565862,0.66676646,False
1,0.93760866,0.23349735,False
0,0.7970118,0.5045172,False
1,0.76055634,0.5504378,False
1,0.888591,0.34945115,False
1,0.8416856,0.4368642,False
1,0.9160336,0.2883514,False
1,0.63197726,0.65789497,False
1,0.6335188,0.65705633,False
1,0.9069386,0.30956408,False
1,0.9752567,0.11596506,False
1,0.5047284,0.6931025,True
1,0.68440187,0.62350684,False
0,0.5121014,0.6928543,True
1,0.8931078,0.33996806,False
1,0.907287,0.30877024,False
0,0.27874184,0.5917611,False
1,0.6182956,0.6648923,False
0,0.5345518,0.69075763,False
1,0.47367227,0.69176024,True
1,0.599702,0.6731323,False
1,0.8760958,0.3746324,False
1,0.79145217,0.5120263,False
1,0.9187673,0.28176987,False
1,0.9870835,0.06900992,False
1,0.7347441,0.5784829,False
1,0.89385504,0.33837873,False
0,0.4644382,0.6906158,False
1,0.5592654,0.68610585,False
0,0.75438905,0.55746174,False
0,0.76576644,0.54434144,False
0,0.28056344,0.59348464,False
0,0.4217255,0.6808428,False
1,0.3496576,0.64723444,False
0,0.609612,0.66892135,False
1,0.94607604,0.20991099,False
1,0.77793354,0.52951103,False
1,0.9753901,0.115474686,False
1,0.4306121,0.68348664,False
1,0.84155774,0.4370777,False
1,0.8843824,0.35810143,False
1,0.3720672,0.66004676,False
1,0.489288,0.69291764,True
1,0.9563297,0.1794381,False
0,0.3510453,0.6480913,False
1,0.49306366,0.693051,True
0,0.27595136,0.5890887,False
1,0.712764,0.5996582,False
0,0.41265523,0.67781043,False
1,0.35902593,0.6528557,False
0,0.5017969,0.69314075,True
1,0.7601362,0.5509229,False
0,0.5147784,0.6927103,True
1,0.8305307,0.45504373,False
0,0.32764515,0.63249844,False
1,0.47593486,0.69198847,True
1,0.9189185,0.28140295,False
0,0.5317528,0.6911293,False
0,0.53878677,0.69013536,False
1,0.6160049,0.6659861,False
1,0.90678054,0.3099239,False
0,0.8224185,0.4677063,False
0,0.30195403,0.61251086,False
0,0.4726645,0.69165194,True
1,0.503353,0.6931248,True
0,0.45485377,0.6890652,False
1,0.7600314,0.5510437,False
1,0.97644544,0.11156787,False
1,0.32126406,0.6278186,False
1,0.7684657,0.5411236,False
0,0.7799508,0.52697027,False
0,0.34931064,0.6470189,False
1,0.67668104,0.6293459,False
1,0.69758177,0.6128994,False
1,0.9199399,0.27891624,False
1,0.5820652,0.67961663,False
1,0.8710759,0.38433632,False
1,0.8710187,0.3844456,False
1,0.59263843,0.6758839,False
1,0.8545307,0.414769,False
1,0.8728632,0.38090748,False
1,0.87789136,0.37110537,False
