Model,Type,ROC_AUC,Fit_Time,Pred_Time,Seed,Dataset
TabPFN (v2),Foundation Model (0-Tuning),0.81,3.1567559242248535,1.9309413433074951,42,credit-g
CatBoost (Default),Default Baseline,0.7957142857142858,1.4690701961517334,0.002840757369995117,42,credit-g
XGBoost (Default),Default Baseline,0.7771428571428572,0.1272447109222412,0.0011811256408691406,42,credit-g
LightGBM (Default),Default Baseline,0.7819047619047619,0.1186075210571289,0.0015947818756103516,42,credit-g
Random Forest,Default Baseline,0.785952380952381,0.2180461883544922,0.007171154022216797,42,credit-g
MLP (Default),Default Baseline,0.7609523809523809,1.7775812149047852,0.0005314350128173828,42,credit-g
Logistic Regression,Default Baseline,0.7485714285714286,0.14130568504333496,0.00038313865661621094,42,credit-g
CatBoost (Tuned),Tuned (5-fold CV),0.7771428571428571,7.607024192810059,0.0009551048278808594,42,credit-g
XGBoost (Tuned),Tuned (5-fold CV),0.7928571428571428,2.1292970180511475,0.001129150390625,42,credit-g
TabPFN (v2),Foundation Model (0-Tuning),0.819047619047619,0.2752106189727783,0.4155411720275879,52,credit-g
CatBoost (Default),Default Baseline,0.8114285714285714,1.3432061672210693,0.0009601116180419922,52,credit-g
XGBoost (Default),Default Baseline,0.8314285714285714,0.07449865341186523,0.0010483264923095703,52,credit-g
LightGBM (Default),Default Baseline,0.8252380952380952,0.10003066062927246,0.001638650894165039,52,credit-g
Random Forest,Default Baseline,0.8038095238095238,0.2218334674835205,0.007466316223144531,52,credit-g
MLP (Default),Default Baseline,0.7652380952380953,1.7928123474121094,0.0005731582641601562,52,credit-g
Logistic Regression,Default Baseline,0.8161904761904761,0.14038395881652832,0.0003948211669921875,52,credit-g
CatBoost (Tuned),Tuned (5-fold CV),0.7971428571428572,5.4792563915252686,0.0009870529174804688,52,credit-g
XGBoost (Tuned),Tuned (5-fold CV),0.8080952380952381,1.255253553390503,0.0012173652648925781,52,credit-g
TabPFN (v2),Foundation Model (0-Tuning),0.8204761904761906,0.2518930435180664,0.4739201068878174,62,credit-g
CatBoost (Default),Default Baseline,0.8104761904761905,1.338104486465454,0.0009398460388183594,62,credit-g
XGBoost (Default),Default Baseline,0.7514285714285713,0.053034305572509766,0.0009233951568603516,62,credit-g
LightGBM (Default),Default Baseline,0.7852380952380953,0.0685880184173584,0.0013568401336669922,62,credit-g
Random Forest,Default Baseline,0.8123809523809524,0.22150373458862305,0.007213592529296875,62,credit-g
MLP (Default),Default Baseline,0.8042857142857143,1.7059226036071777,0.0004944801330566406,62,credit-g
Logistic Regression,Default Baseline,0.8009523809523811,0.14270496368408203,0.0003304481506347656,62,credit-g
CatBoost (Tuned),Tuned (5-fold CV),0.791904761904762,4.353148698806763,0.0008883476257324219,62,credit-g
XGBoost (Tuned),Tuned (5-fold CV),0.7766666666666667,1.0114409923553467,0.0011315345764160156,62,credit-g
TabPFN (v2),Foundation Model (0-Tuning),0.8266666666666667,0.25258588790893555,0.49042367935180664,72,credit-g
CatBoost (Default),Default Baseline,0.8438095238095239,1.3771493434906006,0.0009853839874267578,72,credit-g
XGBoost (Default),Default Baseline,0.7895238095238096,0.05723762512207031,0.0010559558868408203,72,credit-g
LightGBM (Default),Default Baseline,0.8052380952380952,0.06946539878845215,0.0016024112701416016,72,credit-g
Random Forest,Default Baseline,0.830952380952381,0.214447021484375,0.0070858001708984375,72,credit-g
MLP (Default),Default Baseline,0.779047619047619,1.6960995197296143,0.0005249977111816406,72,credit-g
Logistic Regression,Default Baseline,0.7980952380952381,0.07365179061889648,0.00027680397033691406,72,credit-g
CatBoost (Tuned),Tuned (5-fold CV),0.8295238095238096,3.792412519454956,0.0008635520935058594,72,credit-g
XGBoost (Tuned),Tuned (5-fold CV),0.8204761904761905,1.2967791557312012,0.0010554790496826172,72,credit-g
TabPFN (v2),Foundation Model (0-Tuning),0.81,0.2652866840362549,0.4855360984802246,82,credit-g
CatBoost (Default),Default Baseline,0.7728571428571429,1.3609259128570557,0.0011081695556640625,82,credit-g
XGBoost (Default),Default Baseline,0.7071428571428572,0.05927133560180664,0.0010046958923339844,82,credit-g
LightGBM (Default),Default Baseline,0.7166666666666666,0.07235550880432129,0.0014128684997558594,82,credit-g
Random Forest,Default Baseline,0.7704761904761904,0.22266149520874023,0.0074846744537353516,82,credit-g
MLP (Default),Default Baseline,0.7661904761904762,1.78013014793396,0.0005412101745605469,82,credit-g
Logistic Regression,Default Baseline,0.8038095238095239,0.07186579704284668,0.0003018379211425781,82,credit-g
CatBoost (Tuned),Tuned (5-fold CV),0.7785714285714285,4.722283363342285,0.0009317398071289062,82,credit-g
XGBoost (Tuned),Tuned (5-fold CV),0.7657142857142857,1.284318208694458,0.0010981559753417969,82,credit-g
