Model,Type,Mean_AUC,Std_AUC,Fit_Time_s,Predict_Time_s,Normalized_Score
CatBoost (Default),Default Baseline,0.8068571428571429,0.025882606071494327,1.3776912212371826,0.0013668537139892578,0.7738589211618256
CatBoost (Tuned),Tuned (5-fold CV),0.7948571428571428,0.021182181362084437,5.190825033187866,0.0009251594543457031,0.5124481327800803
LightGBM (Default),Default Baseline,0.7828571428571428,0.04088033529778055,0.08580942153930664,0.0015211105346679688,0.2510373443983372
Logistic Regression,Default Baseline,0.7935238095238095,0.026059412321108498,0.1139824390411377,0.00033740997314453126,0.483402489626554
MLP (Default),Default Baseline,0.7751428571428571,0.017636413578169093,1.7505091667175292,0.0005330562591552735,0.08298755186721771
Random Forest,Default Baseline,0.8007142857142856,0.023410949625298806,0.2196983814239502,0.007284307479858398,0.6400414937759292
TabPFN (v2),Foundation Model (0-Tuning),0.8172380952380953,0.007201347820431863,0.8403464317321777,0.7592724800109864,1.0
XGBoost (Default),Default Baseline,0.7713333333333334,0.04607791882425466,0.07425732612609863,0.0010426998138427734,0.0
XGBoost (Tuned),Tuned (5-fold CV),0.7927619047619048,0.022326174098725945,1.3954177856445313,0.0011263370513916015,0.4668049792531105
