Dataset,Scenario,Model,Mean_Metric,CI95_Lower,CI95_Upper,Savings_vs_Baseline,Savings_CI95_Low,Savings_CI95_High,Incremental_Profit_vs_Baseline,Profit_CI95_Low,Profit_CI95_High
credit-g,Cost per Applicant ($),TabPFN (v2),0.5568,0.5314252365998102,0.5821747634001897,0.0,0.0,0.0,,,
credit-g,Cost per Applicant ($),CatBoost (Default),0.5708000000000001,0.536888360814723,0.6047116391852771,0.014000000000000002,-0.01411627833106813,0.04211627833106814,,,
credit-g,Cost per Applicant ($),CatBoost (Tuned),0.5724,0.5493856029622642,0.5954143970377358,0.015599999999999998,-0.00756199375370885,0.03876199375370885,,,
credit-g,Cost per Applicant ($),XGBoost (Default),0.5744,0.5499264791802861,0.5988735208197139,0.01760000000000001,-0.00499411258012664,0.04019411258012666,,,
credit-g,Cost per Applicant ($),XGBoost (Tuned),0.5870000000000001,0.5511629703000361,0.622837029699964,0.030199999999999994,0.002933095680379298,0.05746690431962069,,,
credit-g,Cost per Applicant ($),LightGBM (Default),0.608,0.5764509177726945,0.6395490822273054,0.05120000000000001,0.026531735037658592,0.07586826496234142,,,
credit-g,Cost per Applicant ($),LightGBM (Tuned),0.5894,0.5526324711292564,0.6261675288707437,0.032600000000000004,0.002009941086353835,0.06319005891364618,,,
telco-churn,Profit per Customer ($),TabPFN (v2),13.272740580037421,13.115269447506977,13.430211712567866,,,,0.0,0.0,0.0
telco-churn,Profit per Customer ($),CatBoost (Default),13.214263420220659,13.063046140413663,13.365480700027655,,,,0.05847715981676238,-0.08270457736391987,0.19965889699744463
telco-churn,Profit per Customer ($),CatBoost (Tuned),13.181310084521582,13.02189965612549,13.340720512917676,,,,0.09143049551583986,-0.026045206892227127,0.20890619792390686
telco-churn,Profit per Customer ($),XGBoost (Default),12.575334295761017,12.41041311021255,12.740255481309484,,,,0.697406284276405,0.5225478607675844,0.8722647077852257
telco-churn,Profit per Customer ($),XGBoost (Tuned),13.290950625846829,13.11399936135948,13.467901890334177,,,,-0.01821004580940702,-0.15336312973901836,0.11694303812020432
telco-churn,Profit per Customer ($),LightGBM (Default),12.863245209368344,12.68436133636544,13.042129082371249,,,,0.4094953706690756,0.2376587901422082,0.5813319511959429
telco-churn,Profit per Customer ($),LightGBM (Tuned),13.215958690883284,13.078899519209502,13.353017862557065,,,,0.05678188915413898,-0.07314616749385605,0.18670994580213401
