Dataset,Model,Mean_AUC,Std_AUC,CI95_Lower,CI95_Upper,Margin_Error,Mean_Fit_Time_s,Mean_Predict_Time_s,Per_Row_Predict_ms,Paired_Diff_vs_TabPFN,Diff_CI95_Lower,Diff_CI95_Upper,Wilcoxon_p_value,Nadeau_Bengio_p_value
credit-g,TabPFN (v2),0.791747619047619,0.02964573996309054,0.7795104590339749,0.8039847790612632,0.012237160013644178,0.2759919735999802,0.6634589970399929,3.3172949851999647,0.0,0.0,0.0,1.0,1.0
credit-g,CatBoost (Default),0.788457142857143,0.03277392483792464,0.7749287315907635,0.8019855541235225,0.013528411266379504,2.7907281084800184,0.003302495360010198,0.01651247680005099,0.0032904761904761813,-0.0005147596568977147,0.007095712037850078,0.14847958087921143,0.4121089557319073
credit-g,CatBoost (Tuned),0.7839952380952382,0.030635609674379546,0.7713494799469283,0.7966409962435481,0.012645758148309883,43.74710849975999,0.0026133333600091646,0.013066666800045822,0.0077523809523809325,0.0027112062598900304,0.012793555644871835,0.006573322774538034,0.1507058326793791
credit-g,XGBoost (Default),0.7739047619047619,0.031671048598838056,0.7608315955750833,0.7869779282344405,0.0130731663296786,0.06138389667999718,0.0011664471599965509,0.005832235799982754,0.01784285714285712,0.010988979139115692,0.024696735146598543,1.8298625946044922e-05,0.01909349938448135
credit-g,XGBoost (Tuned),0.783002380952381,0.03379932253041087,0.7690507063214777,0.7969540555832842,0.013951674630903308,1.4090017823600056,0.0012876769999957106,0.006438384999978552,0.00874523809523811,0.0010965689546483205,0.016393907235827898,0.04826241731643677,0.28067021621866006
credit-g,LightGBM (Default),0.7690809523809524,0.033763513853342746,0.7551440588454681,0.7830178459164367,0.013936893535484367,0.09156730436001226,0.00620582463999881,0.031029123199994048,0.02266666666666666,0.014449700010200444,0.03088363332313288,6.446058043652003e-05,0.013617218918888785
credit-g,LightGBM (Tuned),0.777604761904762,0.039570148179961705,0.7612710075223559,0.7939385162871682,0.01633375438240612,1.1635761872000148,0.0059286408000025406,0.0296432040000127,0.014142857142857118,0.005115705348910897,0.023170008936803342,0.0067255496978759766,0.14350538348545627
credit-g,Random Forest,0.7867690476190476,0.029502663197938154,0.7745909467913635,0.7989471484467318,0.012178100827684099,0.27776415780000663,0.03465459363999798,0.1732729681999899,0.004978571428571415,-0.0017956687145703467,0.011752811571713175,0.25210392475128174,0.4848963802909987
credit-g,Logistic Regression,0.7828047619047619,0.03311748210443034,0.7691345371687468,0.796474986640777,0.0136702247360151,0.01647349015996497,0.0003742389199942409,0.0018711945999712043,0.008942857142857127,0.002971529762765111,0.014914184522949143,0.005578815937042236,0.1612038527473847
telco-churn,TabPFN (v2),0.8508045360452837,0.00929858523442621,0.8469662687071822,0.8546428033833853,0.003838267338101561,0.7304939002799711,7.86418035396001,5.582977173290562,0.0,0.0,0.0,1.0,1.0
telco-churn,CatBoost (Default),0.8459187687140393,0.00950650934666297,0.8419946745207031,0.8498428629073754,0.003924094193336208,5.4939844353999705,0.00834241923999798,0.005922560533823316,0.004885767331244479,0.004138779457785721,0.005632755204703237,5.960464477539063e-08,1.5837117524064581e-06
telco-churn,CatBoost (Tuned),0.8478798044012232,0.009809371044027787,0.8438306950435743,0.8519289137588721,0.004049109357648901,66.41189936591995,0.006958671039983528,0.004940156181435496,0.0029247316440603075,0.0016858059841806633,0.004163657303939952,8.344650268554688e-07,0.03186794884602362
telco-churn,XGBoost (Default),0.8235822385597106,0.010412294810876879,0.8192842545030274,0.8278802226163937,0.004297984056683138,0.09135539699993388,0.002347734479999417,0.0016667059182443082,0.027222297485573015,0.024703381761511004,0.029741213209635027,5.960464477539063e-08,2.1378032677432657e-10
telco-churn,XGBoost (Tuned),0.8471805828713699,0.010438283866856668,0.8428718710596358,0.851489294683104,0.0043087118117340895,2.2776392741999736,0.002281613560007827,0.0016197568097392522,0.00362395317391373,0.0021544878989321536,0.005093418448895306,3.1948089599609375e-05,0.025571720462188807
telco-churn,LightGBM (Default),0.8365715354075708,0.010716851594837627,0.8321478364892175,0.840995234325924,0.004423698918353268,0.12808306431993516,0.009652695279974068,0.006852711938433252,0.014233000637712765,0.011971423031456836,0.016494578243968695,5.960464477539063e-08,2.8341676305831953e-06
telco-churn,LightGBM (Tuned),0.8473827325011359,0.00936414888753071,0.8435174018171668,0.851248063185105,0.0038653306839690517,2.1806739938799455,0.009525164440028676,0.006762182584703251,0.0034218035441476104,0.0022821997732097596,0.004561407315085461,5.245208740234375e-06,0.007889139046262539
telco-churn,Random Forest,0.8256714893352951,0.010474789523809664,0.8213477087289857,0.8299952699416046,0.004323780606309405,0.42975242563998106,0.04157831636000992,0.02951732068676508,0.025133046709988505,0.022956415442098203,0.027309677977878807,5.960464477539063e-08,5.6702642581285545e-11
telco-churn,Logistic Regression,0.8453101006670589,0.010192166645458434,0.841102981051172,0.8495172202829459,0.0042071196158869496,0.028558635719991798,0.0004811457600317226,0.0003415780878830448,0.00549443537822472,0.004236084260670647,0.006752786495778794,2.980232238769531e-07,0.000305750590366749
bank-marketing,TabPFN (v2),0.9378793642496926,0.006795614430381559,0.935074272480044,0.9406844560193413,0.0028050917696486235,0.854724670239957,13.890176165080048,6.945088082540024,0.0,0.0,0.0,1.0,1.0
bank-marketing,CatBoost (Default),0.9276037401631966,0.007756338814827916,0.9244020808585119,0.9308053994678812,0.0032016593046845843,5.455261672240085,0.009449073199975828,0.004724536599987914,0.01027562408649612,0.009030002847668032,0.011521245325324208,5.960464477539063e-08,3.424447725386415e-08
bank-marketing,CatBoost (Tuned),0.9268227971851982,0.007646151699825102,0.9236666208861465,0.92997897348425,0.0031561762990517345,66.27262827275997,0.00896842292007932,0.00448421146003966,0.011056567064494573,0.009593271315591283,0.012519862813397863,5.960464477539063e-08,1.556408721903324e-07
bank-marketing,XGBoost (Default),0.9135861621705336,0.006952269530236055,0.9107164063538327,0.9164559179872345,0.0028697558167009017,0.11122044764011661,0.002871186240008683,0.0014355931200043415,0.02429320207915905,0.022340399419344115,0.026246004738973986,5.960464477539063e-08,1.2316814235191487e-11
bank-marketing,XGBoost (Tuned),0.9197839049084803,0.0076627323579237065,0.9166208844501484,0.9229469253668121,0.003163020458331846,2.7368118682400744,0.004927605560078518,0.002463802780039259,0.01809545934121247,0.016719427817739864,0.019471490864685075,5.960464477539063e-08,3.868017017794045e-12
bank-marketing,LightGBM (Default),0.9221103270706894,0.006595296974957971,0.9193879222826643,0.9248327318587145,0.0027224047880250782,0.15555712091994792,0.010589756960034719,0.0052948784800173595,0.0157690371790032,0.013948876761228706,0.017589197596777698,5.960464477539063e-08,1.426342266519498e-08
bank-marketing,LightGBM (Tuned),0.9223876934692337,0.0071054683923814504,0.9194547002702878,0.9253206866681796,0.002932993198945888,2.53689609291996,0.011751173840093544,0.005875586920046772,0.015491670780458993,0.013491755881998361,0.017491585678919626,5.960464477539063e-08,1.0214038481670684e-07
bank-marketing,Random Forest,0.9162997163903168,0.00797117672216227,0.9130093763560462,0.9195900564245875,0.003290340034270693,0.5154061770799307,0.04206563543997618,0.02103281771998809,0.02157964785937607,0.019554186658128796,0.023605109060623346,5.960464477539063e-08,2.8340862989750804e-10
bank-marketing,Logistic Regression,0.9034094142927666,0.008146361735520623,0.900046761439078,0.9067720671464551,0.003362652853688512,0.03639836088015727,0.0005752614799712319,0.00028763073998561595,0.03446994995692618,0.03254965745365083,0.036390242460201526,5.960464477539063e-08,4.440892098500626e-15
adult,TabPFN (v2),0.9123486601238553,0.005839330497636063,0.909938302960867,0.9147590172868436,0.0024103571629883404,0.8597974332001104,12.50827863540002,6.25413931770001,0.0,0.0,0.0,1.0,1.0
adult,CatBoost (Default),0.9186715761293742,0.005429966662780536,0.9164301960523741,0.9209129562063744,0.00224138007700017,5.845733074000163,0.009176924519997555,0.0045884622599987775,-0.006322916005518939,-0.007212701426085358,-0.00543313058495252,5.960464477539063e-08,4.2872150007866594e-07
adult,CatBoost (Tuned),0.9182369890862039,0.0052723210075837235,0.9160606819374052,0.9204132962350026,0.0021763071487986485,68.29303256039984,0.008138124279867043,0.004069062139933521,-0.005888328962348632,-0.006712137282720939,-0.005064520641976326,1.1920928955078125e-07,3.899997496059626e-07
adult,XGBoost (Default),0.9110032604937794,0.0059752718417571534,0.9085367895018717,0.9134697314856872,0.0024664709919078004,0.09107584827987011,0.002752496640205209,0.0013762483201026044,0.0013453996300759163,-0.0005895336551216038,0.0032803329152734364,0.2002161741256714,0.5085063748153194
adult,XGBoost (Tuned),0.9179709105481706,0.005753058461948255,0.9155961647312552,0.920345656365086,0.002374745816915383,2.305698213600117,0.0042211441601830305,0.0021105720800915152,-0.0056222504243154696,-0.006722667812173382,-0.004521833036457557,5.960464477539063e-08,4.9402123462050085e-05
adult,LightGBM (Default),0.9164779399659676,0.005751064733389562,0.9141040171197531,0.9188518628121821,0.0023739228462144706,0.1410326348801027,0.011415448519874189,0.005707724259937094,-0.004129279842112293,-0.005203921721784978,-0.003054637962439607,5.960464477539062e-07,0.0010949990278539268
adult,LightGBM (Tuned),0.9174703525735459,0.006092077994331849,0.9149556663715804,0.9199850387755114,0.002514686201965444,2.392170513239944,0.012072699159980403,0.006036349579990202,-0.005121692449690665,-0.0059946809842231046,-0.004248703915158225,5.960464477539063e-08,7.841157835919432e-06
adult,Random Forest,0.8990660064521763,0.006179211882668033,0.8965153531488496,0.901616659755503,0.0025506533033266654,0.4811200971602375,0.04520390716003021,0.022601953580015106,0.0132826536716791,0.012128451683313406,0.014436855660044793,5.960464477539063e-08,6.068967550731941e-11
adult,Logistic Regression,0.8998203188119999,0.005516740573733947,0.8975431202249989,0.9020975173990008,0.002277198587000887,0.7065152583601594,0.0009898380798767903,0.0004949190399383952,0.012528341311855255,0.011366473705038356,0.013690208918672155,5.960464477539063e-08,2.2349966322110504e-10
