model,cost_ratio,cost_per_series,total_cost
AutoETS,1:1,60.71274445605278,60712.74445605278
AutoETS,3:1,69.58787449876468,69587.87449876468
AutoETS,5:1,78.46300438396135,78463.00438396135
AutoETS,9:1,96.21326465280852,96213.26465280852
Chronos-2 (Covariates),1:1,60.17427937984309,60174.279379843094
Chronos-2 (Covariates),3:1,69.44785070196629,69447.8507019663
Chronos-2 (Covariates),5:1,78.7214221928104,78721.4221928104
Chronos-2 (Covariates),9:1,97.26856489395938,97268.56489395938
Chronos-2 (Zero-Shot),1:1,60.03883536370366,60038.83536370366
Chronos-2 (Zero-Shot),3:1,69.20747982267311,69207.4798226731
Chronos-2 (Zero-Shot),5:1,78.37612451771666,78376.12451771666
Chronos-2 (Zero-Shot),9:1,96.71341329538593,96713.41329538594
Chronos-Bolt,1:1,59.376798800913576,59376.79880091357
Chronos-Bolt,3:1,69.29999661060977,69299.99661060977
Chronos-Bolt,5:1,79.22319414890616,79223.19414890616
Chronos-Bolt,9:1,99.06958963065155,99069.58963065155
LightGBM,1:1,91.69964606348672,91699.64606348673
LightGBM,3:1,130.90448766581216,130904.48766581216
LightGBM,5:1,170.10932896423338,170109.3289642334
LightGBM,9:1,248.51901197687783,248519.01197687784
Seasonal Naive,1:1,64.65346649837494,64653.46649837494
Seasonal Naive,3:1,75.32993313535054,75329.93313535054
Seasonal Naive,5:1,86.00639971288047,86006.39971288046
Seasonal Naive,9:1,107.3593329035441,107359.3329035441
