model,subset,n_series,mean_mase,std_mase,mean_wql,std_wql,mean_newsvendor_3_1,std_newsvendor_3_1,quantile_crossing_rate,fit_time_s,predict_time_s,total_time_s
AutoETS,Total,1000,1.458969147142749,1.0774315010611695,20245.01722542482,99293.35502513105,69.58787449876468,89.83066380002982,0.0,186.678759067,3.500013464999938,190.17877253199993
Chronos-2 (Covariates),Total,1000,1.2535777865496085,1.01381848019617,12734.057978656825,156496.92049893385,69.44785070196629,80.887223179442,0.011708333333333334,1.4232191980000835,54.061312303000136,55.48453150100022
Chronos-2 (Zero-Shot),Total,1000,1.2458946271105047,1.012084182666021,5451.72014990818,43941.23332697516,69.20747982267311,79.95400730249476,0.017645833333333333,1.3767513980000103,9.021715728000004,10.398467126000014
Chronos-Bolt,Total,1000,1.261771116540304,1.0243331421633892,5426.542522353495,39904.618809739455,69.29999661060977,83.68959878382229,0.04153720238095238,1.7475057479999805,7.521557466999866,9.269063214999846
LightGBM,Total,1000,3.070200836986939,9.05934511266972,49874.159383695,308319.7687410474,130.90448766581216,203.08465626145133,0.007709821428571428,49.60262975899991,1.3155156150000948,50.918145374000005
Seasonal Naive,Total,1000,1.6614488085539392,1.3123273751146927,9227.526086765978,50034.80187785359,75.32993313535054,90.3494387350475,0.0,0.003,0.4404836990000831,0.4434836990000831
AutoETS,Smooth,232,0.8451010405806233,0.32001506359854837,31139.710606056768,148868.6356136796,133.88850346241873,150.31322461351087,0.0,186.678759067,3.500013464999938,190.17877253199993
Chronos-2 (Covariates),Smooth,232,0.8381244531914668,0.3074492940602667,38180.435142633665,314517.8918641029,131.57563138686805,129.68961806278867,0.011708333333333334,1.4232191980000835,54.061312303000136,55.48453150100022
Chronos-2 (Zero-Shot),Smooth,232,0.8203460845209195,0.32646854439339085,10626.489102748981,71672.92366920828,129.407205745535,131.83268976171797,0.017645833333333333,1.3767513980000103,9.021715728000004,10.398467126000014
Chronos-Bolt,Smooth,232,0.8377134186468731,0.32263941296089016,12057.315927696682,70803.45842773582,133.66970873800716,138.19847090379622,0.04153720238095238,1.7475057479999805,7.521557466999866,9.269063214999846
LightGBM,Smooth,232,1.3750387696441537,1.64393166578042,20079.245857187427,138995.61925791204,228.62666223240993,331.89195300183945,0.007709821428571428,49.60262975899991,1.3155156150000948,50.918145374000005
Seasonal Naive,Smooth,232,1.0430481165818783,0.4014521997064961,13645.731171054855,68001.48963798647,145.18735553341352,148.7827978748447,0.0,0.003,0.4404836990000831,0.4434836990000831
AutoETS,Intermittent,768,1.6444084710000577,1.15444036299672,16953.91193335892,78230.62447079617,50.16372616599417,45.57705521155,0.0,186.678759067,3.500013464999938,190.17877253199993
Chronos-2 (Covariates),Intermittent,768,1.37907931433488,1.1145738154590104,5047.131543705488,43032.4294243608,50.6800836200689,44.00011406456567,0.011708333333333334,1.4232191980000835,54.061312303000136,55.48453150100022
Chronos-2 (Zero-Shot),Intermittent,768,1.3744457493511082,1.109379802876185,3888.508695404189,30938.451983554678,51.0221459501419,40.79955944037604,0.017645833333333333,1.3767513980000103,9.021715728000004,10.398467126000014
Chronos-Bolt,Intermittent,768,1.3898718794456115,1.1244820873957904,3423.4963894894076,23385.87122264716,49.85497940545847,41.695613119255576,0.04153720238095238,1.7475057479999805,7.521557466999866,9.269063214999846
LightGBM,Intermittent,768,3.582281044830072,10.244553555212226,58874.70617816083,342996.5704713471,101.38424743215243,129.54729191345248,0.007709821428571428,49.60262975899991,1.3155156150000948,50.918145374000005
Seasonal Naive,Intermittent,768,1.848257350920499,1.4296768677922094,7892.859967553718,43131.80263893105,54.22717011926903,45.20247496623234,0.0,0.003,0.4404836990000831,0.4434836990000831
