baseline_model,reference_model,metric,n_series_evaluated,mean_paired_difference,ci_lower_95,ci_upper_95,verdict,multiple_comparison_correction
AutoETS,Chronos-2 (Covariates),MASE,1000,0.20539136059314064,0.18542314967846496,0.22633319633971033,WIN,None
AutoETS,Chronos-2 (Covariates),WQL,1000,7510.959246767996,-902.9180921955306,14443.952631071166,TIE,None
AutoETS,Chronos-2 (Covariates),Newsvendor (3:1),1000,0.14002379679837124,-1.4308723965034882,1.978871404126155,TIE,None
Chronos-2 (Zero-Shot),Chronos-2 (Covariates),MASE,1000,-0.007683159439103736,-0.01337692470738126,-0.00230448142058362,LOSS,None
Chronos-2 (Zero-Shot),Chronos-2 (Covariates),WQL,1000,-7282.337828748643,-17211.446183634907,-215.6327522164413,LOSS,None
Chronos-2 (Zero-Shot),Chronos-2 (Covariates),Newsvendor (3:1),1000,-0.2403708792932037,-1.1790071201975751,0.7093802165272597,TIE,None
Chronos-Bolt,Chronos-2 (Covariates),MASE,1000,0.008193329990695695,0.0009566287453705656,0.015258703792071024,WIN,None
Chronos-Bolt,Chronos-2 (Covariates),WQL,1000,-7307.515456303329,-17893.012917705815,160.35090786239587,TIE,None
Chronos-Bolt,Chronos-2 (Covariates),Newsvendor (3:1),1000,-0.1478540913565314,-1.32954501505342,1.2142914054585763,TIE,None
LightGBM,Chronos-2 (Covariates),MASE,1000,1.8166230504373302,1.3237445190100736,2.433251470201203,WIN,None
LightGBM,Chronos-2 (Covariates),WQL,1000,37140.10140503817,17873.545572910374,57665.519330400675,WIN,None
LightGBM,Chronos-2 (Covariates),Newsvendor (3:1),1000,61.456636963845874,51.98903956516116,71.57209617983821,WIN,None
Seasonal Naive,Chronos-2 (Covariates),MASE,1000,0.40787102200433073,0.37936305530458164,0.43745094233614035,WIN,None
Seasonal Naive,Chronos-2 (Covariates),WQL,1000,-3506.531891890845,-12813.955850106528,3242.3584566584495,TIE,None
Seasonal Naive,Chronos-2 (Covariates),Newsvendor (3:1),1000,5.882082433384242,4.5990115714587345,7.210367762803772,WIN,None
